character_name,rarity,region,vision,arkhe,weapon_type,model,constellation,birthday,special_dish,affiliation,release_date,limited,voice_eng,voice_cn,voice_jp,voice_kr,ascension,ascension_specialty,ascension_material,ascension_boss,talent_material,talent_book_1-2,talent_book_2-3,talent_book_3-4,talent_book_4-5,talent_book_5-6,talent_book_6-7,talent_book_7-8,talent_book_8-9,talent_book_9-10,talent_weekly,hp_90_90,atk_90_90,def_90_90,hp_80_90,atk_80_90,def_80_90,hp_80_80,atk_80_80,def_80_80,hp_70_80,atk_70_80,def_70_80,hp_70_70,atk_70_70,def_70_70,hp_60_70,atk_60_70,def_60_70,hp_60_60,atk_60_60,def_60_60,hp_50_60,atk_50_60,def_50_60,hp_50_50,atk_50_50,def_50_50,hp_40_50,atk_40_50,def_40_50,hp_40_40,atk_40_40,def_40_40,hp_20_40,atk_20_40,def_20_40,hp_20_20,atk_20_20,def_20_20,hp_1_20,atk_1_20,def_1_20,spsecial_0,special_1,special_2,special_3,special_4,special_5,special_6
Aether,5,NA,Anemo,N/A,Sword,Medium Male,Viator,Player's Choice,None,None,08/16/23,N/A,Zach Aguilar,Luyin (??),Horie Shun (???),Lee Kyung-tae (???),ATK,Windwheel Aster,Damaged Mask,None,Transoceanic Pearl,Teachings of Equity,Guide to Justice,Guide to Order,Guide to Equity,Guide to Justice,Philosophies of Order,Philosophies of Equity,Philosophies of Justice,Philosophies of Order,Worldspan Fern,10875,212,683,10122,198,635,9638,188,605,8885,174,558,8401,164,527,7648,149,480,7164,140,450,6411,125,405,5766,113,362,5013,98,315,4529,88,284,3024,59,190,2342,46,147,912,18,57,0.0%,0.0%,6.0%,12.0%,12.0%,18.0%,24.0%
Aether,5,NA,Geo,N/A,Sword,Medium Male,Viator,Player's Choice,None,None,08/16/23,N/A,Zach Aguilar,Luyin (??),Horie Shun (???),Lee Kyung-tae (???),ATK,Windwheel Aster,Damaged Mask,None,Transoceanic Pearl,Teachings of Equity,Guide to Justice,Guide to Order,Guide to Equity,Guide to Justice,Philosophies of Order,Philosophies of Equity,Philosophies of Justice,Philosophies of Order,Worldspan Fern,10875,212,683,10122,198,635,9638,188,605,8885,174,558,8401,164,527,7648,149,480,7164,140,450,6411,125,405,5766,113,362,5013,98,315,4529,88,284,3024,59,190,2342,46,147,912,18,57,0.0%,0.0%,6.0%,12.0%,12.0%,18.0%,24.0%
Aether,5,NA,Electro,N/A,Sword,Medium Male,Viator,Player's Choice,None,None,08/16/23,N/A,Zach Aguilar,Luyin (??),Horie Shun (???),Lee Kyung-tae (???),ATK,Windwheel Aster,Damaged Mask,None,Transoceanic Pearl,Teachings of Equity,Guide to Justice,Guide to Order,Guide to Equity,Guide to Justice,Philosophies of Order,Philosophies of Equity,Philosophies of Justice,Philosophies of Order,Worldspan Fern,10875,212,683,10122,198,635,9638,188,605,8885,174,558,8401,164,527,7648,149,480,7164,140,450,6411,125,405,5766,113,362,5013,98,315,4529,88,284,3024,59,190,2342,46,147,912,18,57,0.0%,0.0%,6.0%,12.0%,12.0%,18.0%,24.0%
Aether,5,NA,Dendro,N/A,Sword,Medium Male,Viator,Player's Choice,None,None,08/16/23,N/A,Zach Aguilar,Luyin (??),Horie Shun (???),Lee Kyung-tae (???),ATK,Windwheel Aster,Damaged Mask,None,Transoceanic Pearl,Teachings of Equity,Guide to Justice,Guide to Order,Guide to Equity,Guide to Justice,Philosophies of Order,Philosophies of Equity,Philosophies of Justice,Philosophies of Order,Worldspan Fern,10875,212,683,10122,198,635,9638,188,605,8885,174,558,8401,164,527,7648,149,480,7164,140,450,6411,125,405,5766,113,362,5013,98,315,4529,88,284,3024,59,190,2342,46,147,912,18,57,0.0%,0.0%,6.0%,12.0%,12.0%,18.0%,24.0%
Aether,5,NA,Hydro,Pneuma,Sword,Medium Male,Viator,Player's Choice,None,None,08/16/23,N/A,Zach Aguilar,Luyin (??),Horie Shun (???),Lee Kyung-tae (???),ATK,Windwheel Aster,Damaged Mask,None,Transoceanic Pearl,Teachings of Equity,Guide to Justice,Guide to Order,Guide to Equity,Guide to Justice,Philosophies of Order,Philosophies of Equity,Philosophies of Justice,Philosophies of Order,Worldspan Fern,10875,212,683,10122,198,635,9638,188,605,8885,174,558,8401,164,527,7648,149,480,7164,140,450,6411,125,405,5766,113,362,5013,98,315,4529,88,284,3024,59,190,2342,46,147,912,18,57,0.0%,0.0%,6.0%,12.0%,12.0%,18.0%,24.0%
Albedo,5,Mondstadt,Geo,N/A,Sword,Medium Male,Princeps Cretaceus,13-Sep,Woodland Dream,Knights of Favonius,12/23/20,TRUE,Khoi Dao,Mace,Kenji Nojima (????),Kim Myung-jun (???),Geo DMG Bonus,Cecilia,Divining Scroll,Basalt Pillar,Divining Scroll,Teachings of Ballad,Guide to Ballad,Guide to Ballad,Guide to Ballad,Guide to Ballad,Philosophies of Ballad,Philosophies of Ballad,Philosophies of Ballad,Philosophies of Ballad,Tusk of Monoceros Caeli,13226,251,876,12296,233,815,11669,222,773,10746,204,712,10119,192,670,9207,175,610,8579,163,568,7675,146,508,6839,130,453,5944,113,394,5317,101,352,3554,68,235,2671,51,177,1030,20,68,0.0%,0.0%,7.2%,14.4%,14.4%,21.6%,28.8%
Alhaitham,5,Sumeru,Dendro,N/A,Sword,Tall Male,Vultur Volans,11-Feb,Ideal Circumstance,Sumeru Akademiya,01/18/23,TRUE,Nazeeh Tarsha,Yang Chaoran (???),Umehara Yuuichirou (?? ???),Jun Seung Hwa (???),Dendro DMG Bonus,Sand Grease Pupa,Faded Red Satin,Pseudo-Stamens,Faded Red Satin,Teachings of Ingenuity,Guide to Ingenuity,Guide to Ingenuity,Guide to Ingenuity,Guide to Ingenuity,Philosophies of Ingenuity,Philosophies of Ingenuity,Philosophies of Ingenuity,Philosophies of Ingenuity,Mirror of Mushin,13348,313,781,12409,291,726,11776,276,689,10845,254,635,10212,239,598,9291,218,544,8658,203,507,7746,181,453,6902,162,404,5999,140,351,5366,125,314,3586,84,210,2695,63,157,1039,24,60,0.0%,0.0%,7.2%,14.4%,14.4%,21.6%,28.8%
Aloy,5,NA,Cryo,N/A,Bow,Medium Female,Nora Fortis,4-Apr,Satiety Gel,Wandering Heroine,09/01/21,N/A,Giselle Fernandez,Mufei (??),Ayahi Takagaki (?? ??),Jo Hyeon-jeong (???),Cryo DMG Bonus,Crystal Marrow,Spectral Husk,Crystalline Bloom,Spectral Husk,Teachings of Freedom,Guide to Freedom,Guide to Freedom,Guide to Freedom,Guide to Freedom,Philosophies of Freedom,Philosophies of Freedom,Philosophies of Freedom,Philosophies of Freedom,Molten Moment,10899,234,676,10133,217,629,9616,206,597,8856,190,550,8339,179,517,7587,163,471,7070,152,439,6325,136,393,5636,121,350,4899,105,304,4382,94,272,2928,63,182,2201,47,137,848,18,53,0.0%,0.0%,7.2%,14.4%,14.4%,21.6%,28.8%
Amber,4,Mondstadt,Pyro,N/A,Bow,Medium Female,Lepus,10-Aug,Outrider's Champion Steak!,Knights of Favonius,09/28/20,FALSE,Kelly Baskin,Shujin Cai (???),Manaka Iwami (?????),Kim Yeon-woo (???),ATK,Small Lamp Grass,Firm Arrowhead,Everflame Seed,Firm Arrowhead,Teachings of Freedom,Guide to Freedom,Guide to Freedom,Guide to Freedom,Guide to Freedom,Philosophies of Freedom,Philosophies of Freedom,Philosophies of Freedom,Philosophies of Freedom,Dvalin's Sigh,9461,223,601,8806,208,559,8385,198,532,7730,182,491,7309,172,464,6654,157,422,6233,147,396,5578,131,354,5016,118,318,4361,103,277,3940,93,250,2630,62,167,2038,48,129,793,19,50,0.0%,0.0%,6.0%,12.0%,12.0%,18.0%,24.0%
Arataki Itto,5,Inazuma,Geo,N/A,Claymore,Tall Male,Taurus Iracundus,1-Jun,Way of the Strong,Arataki Gang,12/14/21,TRUE,Max Mittelman,Zhaokun Liu (???),Takanori Nishikawa (????),Song Joon-seok (???),CRIT Rate,Onikabuto,Slime Condensate,Riftborn Regalia,Slime Condensate,Teachings of Elegance,Guide to Elegance,Guide to Elegance,Guide to Elegance,Guide to Elegance,Philosophies of Elegance,Philosophies of Elegance,Philosophies of Elegance,Philosophies of Elegance,Ashen Heart,12858,227,959,11954,211,892,11345,199,846,10448,185,779,9838,174,734,8951,158,668,8341,147,622,7462,132,557,6649,117,496,5779,102,431,5170,91,386,3455,61,258,2597,46,194,1001,18,75,0.0%,0.0%,4.8%,9.6%,9.6%,14.4%,19.2%
Baizhu,5,Liyue,Dendro,N/A,Catalyst,Tall Male,Lagenaria,25-Apr,Heat-Quelling Soup,Bubu Pharmacy,05/02/23,TRUE,"Sean Durrie, Xanthe Huynh","Qin Qiege (???), Wang Xiaotong (???)","Yusa Koji (?? ??), Shoji Yui (????)","Lee Hosan (???), Changsheng: Jang Mi (??)",HP,Violetgrass,Fungal Spores,Evergloom Ring,Fungal Spores,Teachings of Gold,Guide to Gold,Guide to Gold,Guide to Gold,Guide to Gold,Philosophies of Gold,Philosophies of Gold,Philosophies of Gold,Philosophies of Gold,Worldspan Fern,13348,192,499,12409,179,464,11776,169,440,10845,156,405,10212,147,382,9291,134,347,8658,124,324,7746,111,289,6902,99,258,5999,86,224,5366,77,200,3586,51,134,2695,38,100,1039,14,38,0.0%,0.0%,7.2%,14.4%,14.4%,21.6%,28.8%
Barbara,4,Mondstadt,Hydro,N/A,Catalyst,Medium Female,Crater,5-Jul,Spicy Stew,Church of Favonius,09/28/20,FALSE,Laura Stahl,Yuanyuan Song (???),Akari Kit? (????),Yun Ah-yeong (???),HP,Philanemo Mushroom,Divining Scroll,Cleansing Heart,Divining Scroll,Teachings of Freedom,Guide to Freedom,Guide to Freedom,Guide to Freedom,Guide to Freedom,Philosophies of Freedom,Philosophies of Freedom,Philosophies of Freedom,Philosophies of Freedom,Ring of Boreas,9787,159,669,9110,148,623,8674,141,593,7996,130,546,7561,123,517,6884,112,470,6448,105,441,5770,94,394,5189,84,355,4512,73,308,4076,66,279,2721,44,186,2108,34,144,821,13,56,0.0%,0.0%,6.0%,12.0%,12.0%,18.0%,24.0%
Beidou,4,Liyue,Electro,N/A,Claymore,Tall Female,Victor Mare,14-Feb,Flash-Fried Filet,The Crux,09/28/20,FALSE,Allegra Clark,Yajing Tang (???),Ami Koshimizu (?????),Jeong Yoo-mi (???),Electro DMG Bonus,Noctilucous Jade,Treasure Hoarder Insignia,Lightning Prism,Treasure Hoarder Insignia,Teachings of Gold,Guide to Gold,Guide to Gold,Guide to Gold,Guide to Gold,Philosophies of Gold,Philosophies of Gold,Philosophies of Gold,Philosophies of Gold,Dvalin's Sigh,13050,225,648,12146,210,603,11565,200,575,10662,184,530,10081,174,501,9178,158,456,8597,148,427,7694,133,382,6919,119,344,6015,104,299,5435,94,270,3628,63,180,2811,48,140,1094,19,54,0.0%,0.0%,6.0%,12.0%,12.0%,18.0%,24.0%
Bennett,4,Mondstadt,Pyro,N/A,Sword,Medium Male,Rota Calamitas,1-Feb,Teyvat Charred Egg,Adventurers' Guild,09/28/20,FALSE,Cristina Vee Valenzuela,Xueting Mu (???),Ry?ta ?saka (????),Song Ha-rim (???),Energy Recharge,Windwheel Aster,Treasure Hoarder Insignia,Everflame Seed,Treasure Hoarder Insignia,Teachings of Resistance,Guide to Resistance,Guide to Resistance,Guide to Resistance,Guide to Resistance,Philosophies of Resistance,Philosophies of Resistance,Philosophies of Resistance,Philosophies of Resistance,Dvalin's Plume,12397,191,771,11539,178,718,10987,169,684,10129,156,630,9577,148,596,8719,134,542,8168,126,508,7309,113,455,6573,101,409,5715,88,356,5163,80,321,3447,53,214,2670,41,166,1039,16,65,0.0%,0.0%,6.7%,13.3%,13.3%,20.0%,26.7%
Candace,4,Sumeru,Hydro,N/A,Polearm,Tall Female,Sagitta Scutum,3-May,Utmost Care,Aaru Village,09/28/22,FALSE,Shara Kirby,Zhang Qi (??),Yuzuki Ryoka (?? ??),Jeon Yeongsu (???),HP,Redcrest,Faded Red Satin,Light Guiding Tetrahedron,Faded Red Satin,Teachings of Admonition,Guide to Admonition,Guide to Admonition,Guide to Admonition,Guide to Admonition,Philosophies of Admonition,Philosophies of Admonition,Philosophies of Admonition,Philosophies of Admonition,Tears of the Calamitous God,10874,212,682,10121,197,635,9637,188,604,8884,173,557,8400,164,527,7648,149,480,7164,139,449,6411,125,402,5766,112,361,5012,97,314,4528,88,284,3023,59,189,2342,45,147,911,17,57,0.0%,0.0%,6.0%,12.0%,12.0%,18.0%,24.0%
Chongyun,4,Liyue,Cryo,N/A,Claymore,Medium Male,Nubis Caesor,7-Sep,Cold Noodles with Mountain Delicacies,Tianheng Thaumaturges,09/28/20,FALSE,Beau Bridgland,kinsen,Soma Saito (????),Yang Jeong-hwa (???),ATK,Cor Lapis,Damaged Mask,Hoarfrost Core,Damaged Mask,Teachings of Diligence,Guide to Diligence,Guide to Diligence,Guide to Diligence,Guide to Diligence,Philosophies of Diligence,Philosophies of Diligence,Philosophies of Diligence,Philosophies of Diligence,Dvalin's Sigh,10984,223,648,10223,208,603,9734,198,575,8974,182,530,8485,172,501,7725,157,456,7236,147,427,6475,131,382,5824,118,344,5063,103,299,4574,93,270,3054,62,180,2366,48,140,1003,19,54,0.0%,0.0%,6.0%,12.0%,12.0%,18.0%,24.0%
Collei,4,Sumeru,Dendro,N/A,Bow,Medium Female,Leptailurus Cervarius,8-May,Yearning,Gandharva Ville,08/24/22,FALSE,Christina Costello,Qin Wenjing (???),Maekawa Ryoko (?? ??),Bang Siu (???),ATK,Rukkhashava Mushrooms,Firm Arrowhead,Majestic Hooked Beak,Firm Arrowhead,Teachings of Praxis,Guide to Praxis,Guide to Praxis,Guide to Praxis,Guide to Praxis,Philosophies of Praxis,Philosophies of Praxis,Philosophies of Praxis,Philosophies of Praxis,Tears of the Calamitous God,9787,199,600,9109,185,559,8674,176,532,7996,163,490,7560,154,463,6883,140,422,6448,131,395,5770,117,354,5189,105,318,4511,92,276,4076,83,250,2721,55,166,2108,43,129,820,16,50,0.0%,0.0%,6.0%,12.0%,12.0%,18.0%,24.0%
Cyno,5,Sumeru,Electro,N/A,Polearm,Medium Male,Lupus Aureus,23-Jun,Duel Soul,Temple of Silence,09/28/22,TRUE,Alejandro Saab,Li Qingyang (???),Irino Miyu (?? ??),Lee Woo-ri (???),CRIT DMG,Scarab,Divining Scroll,Thunderclap Fruitcore,Divining Scroll,Teachings of Admonition,Guide to Admonition,Guide to Admonition,Guide to Admonition,Guide to Admonition,Philosophies of Admonition,Philosophies of Admonition,Philosophies of Admonition,Philosophies of Admonition,Mudra of the Malefic General,12490,318,859,11612,295,798,11020,280,758,10149,258,698,9556,243,657,8695,221,598,8102,206,557,7249,184,498,6459,164,444,5614,142,386,5021,127,345,3356,85,230,2522,64,173,972,21,66,0.0%,0.0%,9.6%,19.2%,19.2%,28.8%,38.4%
Dehya,5,Sumeru,Pyro,N/A,Claymore,Tall Female,Mantichora,7-Apr,Goldflame Tajine,The Eremites,03/01/23,FALSE,Amber May,Chen Yu (??),Fukuhara Ayaka (????),Kim Hyeon-sim (???),HP,Sand Grease Pupa,Faded Red Satin,Light Guiding Tetrahedron,Faded Red Satin,Teachings of Praxis,Guide to Praxis,Guide to Praxis,Guide to Praxis,Guide to Praxis,Philosophies of Praxis,Philosophies of Praxis,Philosophies of Praxis,Philosophies of Praxis,Puppet Strings,15674,265,627,14572,246,583,13829,234,553,12736,215,510,11992,203,480,10911,184,437,10168,172,407,9096,154,364,8105,137,324,7045,119,282,6301,106,252,4211,71,168,3165,53,126,1220,20,48,0.0%,0.0%,7.2%,14.4%,14.4%,21.6%,28.8%
Diluc,5,Mondstadt,Pyro,N/A,Claymore,Tall Male,Noctua,30-Apr,"""Once Upon a Time in Mondstadt""",Dawn Winery,09/28/20,FALSE,Sean Chiplock,Yang Ma (??),Kensho Ono (????),Choi Seung-hoon (???),CRIT Rate,Small Lamp Grass,Recruit's Insignia,Everflame Seed,Recruit's Insignia,Teachings of Resistance,Guide to Resistance,Guide to Resistance,Guide to Resistance,Guide to Resistance,Philosophies of Resistance,Philosophies of Resistance,Philosophies of Resistance,Philosophies of Resistance,Dvalin's Plume,12981,335,784,12068,311,729,11453,295,692,10547,272,637,9932,256,600,9036,233,546,8421,217,509,7533,194,455,6712,173,405,5834,151,352,5219,135,315,3488,90,211,2621,68,158,1011,26,61,0.0%,0.0%,4.8%,9.6%,9.6%,14.4%,19.2%
Diona,4,Mondstadt,Cryo,N/A,Bow,Short Female,Feles,18-Jan,Definitely Not Bar Food!,The Cat's Tail,11/11/20,FALSE,Dina Sherman,Nuoya (??),Shiori Izawa (????),Woo Jeong-sin (???),Cryo DMG Bonus,Calla Lily,Firm Arrowhead,Hoarfrost Core,Firm Arrowhead,Teachings of Freedom,Guide to Freedom,Guide to Freedom,Guide to Freedom,Guide to Freedom,Philosophies of Freedom,Philosophies of Freedom,Philosophies of Freedom,Philosophies of Freedom,Shard of a Foul Legacy,9570,212,601,8907,198,559,8481,188,532,7818,174,491,7393,164,464,6731,149,422,6305,140,396,5642,125,354,5074,113,318,4411,98,277,3985,88,250,2661,59,167,2061,46,129,802,18,50,0.0%,0.0%,6.0%,12.0%,12.0%,18.0%,24.0%
Dori,4,Sumeru,Electro,N/A,Claymore,Short Female,Magicae Lucerna,21-Dec,Show Me the Mora,The Palace of Alcazarzaray,09/09/22,FALSE,Anjali Kunapaneni,Wang Xiaotong (???),Kaneda Tomoko (????),Lee Myeong-ho (???),HP,Kalpalata Lotus,Faded Red Satin,Thunderclap Fruitcore,Faded Red Satin,Teachings of Ingenuity,Guide to Ingenuity,Guide to Ingenuity,Guide to Ingenuity,Guide to Ingenuity,Philosophies of Ingenuity,Philosophies of Ingenuity,Philosophies of Ingenuity,Philosophies of Ingenuity,Bloodjade Branch,12397,223,723,11538,207,673,10987,197,641,10128,182,591,9576,172,558,8719,156,508,8167,146,476,7308,131,426,6573,118,383,5714,102,333,5162,92,301,3446,62,201,2670,48,155,1039,18,60,0.0%,0.0%,6.0%,12.0%,12.0%,18.0%,24.0%
Eula,5,Mondstadt,Cryo,N/A,Claymore,Tall Female,Aphros Delos,25-Oct,Stormcrest Pie,Knights of Favonius,05/18/21,TRUE,Suzie Yeung,Ziyin (??),Rina Sato (????),Kim Hyeon-ji (???),CRIT DMG,Dandelion Seed,Damaged Mask,Crystalline Bloom,Damaged Mask,Teachings of Resistance,Guide to Resistance,Guide to Resistance,Guide to Resistance,Guide to Resistance,Philosophies of Resistance,Philosophies of Resistance,Philosophies of Resistance,Philosophies of Resistance,Dragon Lord's Crown,13226,342,751,12296,318,698,11669,302,662,10746,278,610,10119,262,574,9207,238,523,8579,222,487,7675,199,436,6839,177,388,5944,154,337,5317,138,302,3554,92,202,2671,69,152,1030,27,58,0.0%,0.0%,9.6%,19.2%,19.2%,28.8%,38.4%
Faruzan,4,Sumeru,Anemo,N/A,Bow,Medium Female,Flosculi Implexi,20-Aug,Traditionally-Made Charcoal-Baked Ajilenakh Cake,Haravatat,12/07/23,FALSE,Chandni Parekh,Yan Mengmeng (???),Horie Yui (?? ??),Kim You-rim (???),ATK,Henna Berry,Faded Red Satin,Light Guiding Tetrahedron,Faded Red Satin,Teachings of Admonition,Guide to Admonition,Guide to Admonition,Guide to Admonition,Guide to Admonition,Philosophies of Admonition,Philosophies of Admonition,Philosophies of Admonition,Philosophies of Admonition,Puppet Strings,9569,196,627,8907,182,584,8481,174,556,7818,160,513,7392,151,485,6730,138,441,6304,129,413,5641,115,370,5074,104,332,4411,90,289,3985,81,261,2660,54,174,2061,42,135,802,16,52,0.0%,0.0%,6.0%,12.0%,12.0%,18.0%,24.0%
Fischl,4,Mondstadt,Electro,N/A,Bow,Medium Female,Corvus,27-May,Die Heilige Sinfonie,Adventurers' Guild,09/28/20,FALSE,"Brittany Cox, Ben Pronsky","Mace,  Yuantao Li (???), Zhao Yuecheng (???)","Maaya Uchida (????), Yasunori Masutani (????)","Park Go-woon (???), Lee Hyun (??)",ATK,Small Lamp Grass,Firm Arrowhead,Lightning Prism,Firm Arrowhead,Teachings of Ballad,Guide to Ballad,Guide to Ballad,Guide to Ballad,Guide to Ballad,Philosophies of Ballad,Philosophies of Ballad,Philosophies of Ballad,Philosophies of Ballad,Spirit Locket of Boreas,9189,244,594,8553,227,553,8144,216,526,7508,200,485,7099,189,459,6463,172,418,6054,161,391,5418,144,350,4872,130,315,4236,113,274,3827,102,247,2555,68,165,1979,53,128,770,20,50,0.0%,0.0%,6.0%,12.0%,12.0%,18.0%,24.0%
Freminet,4,Fontaine,Cryo,Pneuma,Claymore,Medium Male,Automaton,24-Sep,"""Seabird's Sojourn""",Hotel Bouffes d'ete,09/05/23,FALSE,Paul Castro Jr.,Jinli (??),Toki Shunichi (????),Lee Joo-Seung (???),ATK,Romaritime Flower,Transoceanic Pearl,Artificed Spare Clockwork Component - Coppelius,Transoceanic Pearl,Teachings of Justice,Guide to Justice,Guide to Justice,Guide to Justice,Guide to Justice,Philosophies of Justice,Philosophies of Justice,Philosophies of Justice,Philosophies of Justice,Worldspan Fern,12071,254,708,11235,237,659,10697,225,627,9861,208,578,9324,196,547,8489,179,498,7952,167,466,7116,150,417,6400,135,375,5564,117,326,5027,106,295,3356,70,196,2600,54,152,1012,21,59,0.0%,0.0%,6.0%,12.0%,12.0%,18.0%,24.0%
Ganyu,5,Liyue,Cryo,N/A,Bow,Medium Female,Sinae Unicornis,2-Dec,Prosperous Peace,Yuehai Pavilion,01/12/21,TRUE,Jennifer Losi,Su Lin (??),Reina Ueda (????),Kim Sun-hye (???),CRIT DMG,Qingxin,Whopperflower Nectar,Hoarfrost Core,Whopperflower Nectar,Teachings of Diligence,Guide to Diligence,Guide to Diligence,Guide to Diligence,Guide to Diligence,Philosophies of Diligence,Philosophies of Diligence,Philosophies of Diligence,Philosophies of Diligence,Shadow of the Warrior,9797,335,630,9108,311,586,8643,295,556,7960,272,512,7495,256,482,6820,233,439,6355,217,409,5686,194,366,5066,173,326,4403,151,283,3939,135,253,2632,90,169,1978,68,127,763,26,49,0.0%,0.0%,9.6%,19.2%,19.2%,28.8%,38.4%
Gorou,4,Inazuma,Geo,N/A,Bow,Medium Male,Canis Bellatoris,18-May,Victorious Legend,Watatsumi Island,12/14/21,FALSE,Cory Yee,Yang Xinran (???),Tasuku Hatanaka (?? ?),Lee Sae-byeok (???),Geo DMG Bonus,Sango Pearl,Spectral Husk,Perpetual Heart,Spectral Husk,Teachings of Light,Guide to Light,Guide to Light,Guide to Light,Guide to Light,Philosophies of Light,Philosophies of Light,Philosophies of Light,Philosophies of Light,Molten Moment,9570,183,648,8907,170,603,8481,162,575,7818,149,530,7393,141,501,6731,128,456,6305,120,427,5642,108,382,5074,97,344,4411,84,299,3985,76,270,2661,51,180,2061,39,140,802,15,54,0.0%,0.0%,6.0%,12.0%,12.0%,18.0%,24.0%
Hu Tao,5,Liyue,Pyro,N/A,Polearm,Medium Female,Papilio Charontis,15-Jul,Ghostly March,Wangsheng Funeral Parlor,03/02/21,TRUE,Brianna Knickerbocker,Dian Tao (??),Rie Takahashi (????),Kim Ha-ru (???),CRIT DMG,Silk Flower,Whopperflower Nectar,Juvenile Jade,Whopperflower Nectar,Teachings of Diligence,Guide to Diligence,Guide to Diligence,Guide to Diligence,Guide to Diligence,Philosophies of Diligence,Philosophies of Diligence,Philosophies of Diligence,Philosophies of Diligence,Shard of a Foul Legacy,15552,106,876,14459,99,815,13721,94,773,12637,86,712,11899,81,670,10826,74,610,10089,69,568,9026,62,508,8042,55,453,6990,48,394,6253,43,352,4179,29,235,3141,21,177,1211,8,68,0.0%,0.0%,9.6%,19.2%,19.2%,28.8%,38.4%
Jean,5,Mondstadt,Anemo,N/A,Sword,Tall Female,Leo Minor,14-Mar,Invigorating Pizza,Knights of Favonius,09/28/20,FALSE,Stephanie Southerland,Su Lin (??),Chiwa Sait? (????),Ahn Young-mi (???),Healing Bonus,Dandelion Seed,Damaged Mask,Hurricane Seed,Damaged Mask,Teachings of Resistance,Guide to Resistance,Guide to Resistance,Guide to Resistance,Guide to Resistance,Philosophies of Resistance,Philosophies of Resistance,Philosophies of Resistance,Philosophies of Resistance,Dvalin's Plume,14695,239,769,13662,222,715,12965,211,678,11940,194,624,11243,183,588,10230,166,535,9533,155,499,8528,139,446,7599,124,397,6605,108,345,5908,96,309,3948,64,206,2967,48,155,1144,19,60,0.0%,0.0%,5.5%,11.1%,11.1%,16.6%,22.2%
Kaedehara Kazuha,5,Inazuma,Anemo,N/A,Sword,Medium Male,Acer Palmatum,29-Oct,All-Weather Beauty,The Crux,06/29/21,TRUE,Mark Whitten,Banma (??),Nobunaga Shimazaki (?? ??),Kim Shin-woo (???),Elemental Mastery,Sea Ganoderma,Treasure Hoarder Insignia,Marionette Core,Treasure Hoarder Insignia,Teachings of Diligence,Guide to Diligence,Guide to Diligence,Guide to Diligence,Guide to Diligence,Philosophies of Diligence,Philosophies of Diligence,Philosophies of Diligence,Philosophies of Diligence,Gilded Scale,13348,297,807,12410,276,750,11777,262,712,10846,241,656,10213,227,617,9292,206,562,8659,192,523,7747,172,468,6902,153,417,5999,133,363,5366,119,324,3586,80,217,2695,60,163,1039,23,63,0.0,0.0,28.8,57.6,57.6,86.4,115.2
Kaeya,4,Mondstadt,Cryo,N/A,Sword,Tall Male,Pavo Ocellus,30-Nov,Fruity Skewers,Knights of Favonius,09/28/20,FALSE,Josey Montana McCoy,Ye Sun (??),Kohsuke Toriumi (????),Jeong Joo-won (???),Energy Recharge,Calla Lily,Treasure Hoarder Insignia,Hoarfrost Core,Treasure Hoarder Insignia,Teachings of Ballad,Guide to Ballad,Guide to Ballad,Guide to Ballad,Guide to Ballad,Philosophies of Ballad,Philosophies of Ballad,Philosophies of Ballad,Philosophies of Ballad,Spirit Locket of Boreas,11636,223,792,10830,208,737,10312,198,702,9508,182,647,8990,172,612,8184,157,557,7666,147,522,6860,131,467,6170,118,420,5364,103,365,4846,93,330,3235,62,220,2506,48,171,976,19,66,0.0%,0.0%,6.7%,13.3%,13.3%,20.0%,26.7%
Kamisato Ayaka,5,Inazuma,Cryo,N/A,Sword,Medium Female,Grus Nivis,28-Sep,"""Snow on the Hearth""",Yashiro Commission,07/21/21,TRUE,Erica Mendez,Xiao N (?N),Saori Hayami (????),Lee Yu-ri (???),CRIT DMG,Sakura Bloom,Old Handguard,Perpetual Heart,Old Handguard,Teachings of Elegance,Guide to Elegance,Guide to Elegance,Guide to Elegance,Guide to Elegance,Philosophies of Elegance,Philosophies of Elegance,Philosophies of Elegance,Philosophies of Elegance,Bloodjade Branch,12858,342,784,11954,318,729,11345,302,692,10448,278,637,9838,262,600,8951,238,546,8341,222,509,7462,198,455,6649,177,405,5779,154,352,5170,138,315,3455,92,211,2597,79,158,1001,27,61,0.0%,0.0%,9.6%,19.2%,19.2%,28.8%,38.4%
Kamisato Ayato,5,Inazuma,Hydro,N/A,Sword,Tall Male,Cypressus Custos,26-Mar,Quiet Elegance,Yashiro Commission,04/30/22,TRUE,Chris Hackney,Zhaolu (??),Akira Ishida (?? ?),Jang Min-hyeok (???),CRIT DMG,Sakura Bloom,Old Handguard,Dew of Repudation,Old Handguard,Teachings of Elegance,Guide to Elegance,Guide to Elegance,Guide to Elegance,Guide to Elegance,Philosophies of Elegance,Philosophies of Elegance,Philosophies of Elegance,Philosophies of Elegance,Mudra of the Malefic General,13715,299,769,12751,278,715,12101,264,678,11144,243,624,10494,229,588,9548,208,535,8897,194,499,7960,174,446,1092,155,397,6165,135,345,5514,120,309,3685,81,206,2770,61,155,1068,24,60,0.0%,0.0%,9.6%,19.2%,19.2%,28.8%,38.4%
Kaveh,4,Sumeru,Dendro,N/A,Claymore,Tall Male,Paradisaea,9-Jul,The Endeavor,Independent Design Studio,05/02/23,FALSE,Ben Balmaceda,Liu Sanmu (???),Uchida Yuma (?? ??),Lee Jung-min (???),Elemental Mastery,Mourning Flower,Fungal Spores,Quelled Creeper,Fungal Spores,Teachings of Ingenuity,Guide to Ingenuity,Guide to Ingenuity,Guide to Ingenuity,Guide to Ingenuity,Philosophies of Ingenuity,Philosophies of Ingenuity,Philosophies of Ingenuity,Philosophies of Ingenuity,Primordial Greenbloom,11962,233,750,11133,217,698,10601,207,665,9773,190,613,9240,180,579,8413,164,528,7880,153,494,7052,137,442,6342,123,398,5514,107,346,4981,97,312,3325,64,208,2576,50,161,1002,19,62,0.0,0.0,24.0,48.0,48.0,72.0,96.0
Keqing,5,Liyue,Electro,N/A,Sword,Medium Female,Trulla Cementarii,20-Nov,Survival Grilled Fish,Liyue Qixing,09/28/20,FALSE,Kayli Mills,Ying Xie (??),Eri Kitamura (?????),Lee Bo-hee (???),CRIT DMG,Cor Lapis,Whopperflower Nectar,Lightning Prism,Whopperflower Nectar,Teachings of Prosperity,Guide to Prosperity,Guide to Prosperity,Guide to Prosperity,Guide to Prosperity,Philosophies of Prosperity,Philosophies of Prosperity,Philosophies of Prosperity,Philosophies of Prosperity,Ring of Boreas,13103,323,799,12182,300,743,11561,285,705,10647,262,649,10025,247,612,9121,225,556,8500,209,519,7604,187,464,6776,167,413,5889,145,359,5268,130,321,3521,87,215,2646,65,161,1020,25,62,0.0%,0.0%,9.6%,19.2%,19.2%,28.8%,38.4%
Kirara,4,Inazuma,Dendro,N/A,Sword,Medium Female,Arcella,22-Jan,Energizing Bento,Komaniya Express,05/24/23,FALSE,Julia Gu,Sun Yanqi (???),Suzushiro Sayumi (?? ??),Kang Eun-ae (???),HP,Amakumo Fruit,Spectral Husk,Evergloom Ring,Spectral Husk,Teachings of Transience,Guide to Transience,Guide to Transience,Guide to Transience,Guide to Transience,Philosophies of Transience,Philosophies of Transience,Philosophies of Transience,Philosophies of Transience,Everamber,12179,223,546,11336,207,508,10794,197,483,9950,182,446,9408,172,421,8566,156,384,8024,146,359,7180,131,321,6457,118,289,5614,102,251,5072,92,227,3386,62,151,2623,48,117,1021,18,45,0.0%,0.0%,6.0%,12.0%,12.0%,18.0%,24.0%
Klee,5,Mondstadt,Pyro,N/A,Catalyst,Short Female,Trifolium,27-Jul,Fish-Flavored Toast,Knights of Favonius,10/20/20,TRUE,Poonam Basu,Hualing (??),Misaki Kuno (????),Bang Yeon-ji (???),Pyro DMG Bonus,Philanemo Mushroom,Divining Scroll,Everflame Seed,Divining Scroll,Teachings of Freedom,Guide to Freedom,Guide to Freedom,Guide to Freedom,Guide to Freedom,Philosophies of Freedom,Philosophies of Freedom,Philosophies of Freedom,Philosophies of Freedom,Ring of Boreas,10287,311,615,9563,289,572,9076,274,542,8358,253,500,7870,238,470,7161,216,428,6673,202,399,5970,180,357,5319,161,318,4623,140,276,4136,125,247,2764,84,165,2077,63,124,801,24,48,0.0%,0.0%,7.2%,14.4%,14.4%,21.6%,28.8%
Kujou Sara,4,Inazuma,Electro,N/A,Bow,Tall Female,Flabellum,14-Jul,Faith Eternal,Tenryou Commission,09/01/21,FALSE,Jeannie Tirado,Yang Menglu (???),Asami Seto (?????),Mun Ji-yeong (???),ATK,Dendrobium,Damaged Mask,Storm Beads,Damaged Mask,Teachings of Elegance,Guide to Elegance,Guide to Elegance,Guide to Elegance,Guide to Elegance,Philosophies of Elegance,Philosophies of Elegance,Philosophies of Elegance,Philosophies of Elegance,Ashen Heart,9570,195,628,8907,182,584,8481,173,556,7818,160,513,7393,151,485,6731,137,442,6305,129,414,5642,115,370,5074,104,333,4411,90,289,3985,81,262,2661,54,175,2061,42,135,802,16,53,0.0%,0.0%,6.0%,12.0%,12.0%,18.0%,24.0%
Kuki Shinobu,4,Inazuma,Electro,N/A,Sword,Medium Female,Tribulatio Demptio,27-Jul,Omurice Waltz,Arataki Gang,06/21/22,FALSE,Kira Buckland,Yang Ning (??),Kaori Mizuhashi (?? ???),Kim Yool (??),HP,Naku Weed,Spectral Husk,Runic Fang,Spectral Husk,Teachings of Elegance,Guide to Elegance,Guide to Elegance,Guide to Elegance,Guide to Elegance,Philosophies of Elegance,Philosophies of Elegance,Philosophies of Elegance,Philosophies of Elegance,Tears of the Calamitous God,12288,212,750,11437,197,698,10890,188,665,10039,173,613,9492,164,579,8642,149,528,8095,139,494,7244,125,442,6515,112,398,5664,97,346,5117,88,312,3416,59,208,2646,45,161,1030,17,62,0.0%,0.0%,6.0%,12.0%,12.0%,18.0%,24.0%
Layla,4,Sumeru,Cryo,N/A,Sword,Medium Female,Luscinia,19-Dec,Extravagant Slumber,Rtawahist,11/18/22,FALSE,Ashely Biski,Hou Xiaofei (???),Tomita Miyu (????),Kang Sae-Bom (???),HP,Nilotpala Lotus,Divining Scroll,Perpetual Caliber,Divining Scroll,Teachings of Ingenuity,Guide to Ingenuity,Guide to Ingenuity,Guide to Ingenuity,Guide to Ingenuity,Philosophies of Ingenuity,Philosophies of Ingenuity,Philosophies of Ingenuity,Philosophies of Ingenuity,Mirror of Mushin,11092,216,655,10324,201,609,9830,191,580,9062,176,535,8568,167,506,7801,152,460,7307,142,431,6539,127,386,5881,114,347,5113,99,302,4619,90,272,3084,60,182,2389,46,141,930,18,54,0.0%,0.0%,6.0%,12.0%,12.0%,18.0%,24.0%
Lisa,4,Mondstadt,Electro,N/A,Catalyst,Tall Female,Tempus Fugit,9-Jun,Mysterious Bolognese,Knights of Favonius,09/28/20,FALSE,Mara Junot,Ke Zhong (??),Rie Tanaka (????),Park Go-woon (???),Elemental Mastery,Valberry,Slime Condensate,Lightning Prism,Slime Condensate,Teachings of Ballad,Guide to Ballad,Guide to Ballad,Guide to Ballad,Guide to Ballad,Philosophies of Ballad,Philosophies of Ballad,Philosophies of Ballad,Philosophies of Ballad,Dvalin's Claw,9570,232,573,8907,215,534,8481,205,508,7818,189,468,7393,179,443,6731,163,403,6305,153,378,5642,136,338,5074,123,304,4411,107,264,3985,96,239,2661,64,159,2061,50,123,802,19,48,0.0,0.0,24.0,48.0,48.0,72.0,96.0
Lumine,5,NA,Anemo,N/A,Sword,Medium Male,Viator,Player's Choice,None,None,08/16/23,N/A,Zach Aguilar,Luyin (??),Horie Shun (???),Lee Kyung-tae (???),ATK,Windwheel Aster,Damaged Mask,None,Transoceanic Pearl,Teachings of Equity,Guide to Justice,Guide to Order,Guide to Equity,Guide to Justice,Philosophies of Order,Philosophies of Equity,Philosophies of Justice,Philosophies of Order,Worldspan Fern,10875,212,683,10122,198,635,9638,188,605,8885,174,558,8401,164,527,7648,149,480,7164,140,450,6411,125,405,5766,113,362,5013,98,315,4529,88,284,3024,59,190,2342,46,147,912,18,57,0.0%,0.0%,6.0%,12.0%,12.0%,18.0%,24.0%
Lumine,5,NA,Geo,N/A,Sword,Medium Male,Viator,Player's Choice,None,None,08/16/23,N/A,Zach Aguilar,Luyin (??),Horie Shun (???),Lee Kyung-tae (???),ATK,Windwheel Aster,Damaged Mask,None,Transoceanic Pearl,Teachings of Equity,Guide to Justice,Guide to Order,Guide to Equity,Guide to Justice,Philosophies of Order,Philosophies of Equity,Philosophies of Justice,Philosophies of Order,Worldspan Fern,10875,212,683,10122,198,635,9638,188,605,8885,174,558,8401,164,527,7648,149,480,7164,140,450,6411,125,405,5766,113,362,5013,98,315,4529,88,284,3024,59,190,2342,46,147,912,18,57,0.0%,0.0%,6.0%,12.0%,12.0%,18.0%,24.0%
Lumine,5,NA,Electro,N/A,Sword,Medium Male,Viator,Player's Choice,None,None,08/16/23,N/A,Zach Aguilar,Luyin (??),Horie Shun (???),Lee Kyung-tae (???),ATK,Windwheel Aster,Damaged Mask,None,Transoceanic Pearl,Teachings of Equity,Guide to Justice,Guide to Order,Guide to Equity,Guide to Justice,Philosophies of Order,Philosophies of Equity,Philosophies of Justice,Philosophies of Order,Worldspan Fern,10875,212,683,10122,198,635,9638,188,605,8885,174,558,8401,164,527,7648,149,480,7164,140,450,6411,125,405,5766,113,362,5013,98,315,4529,88,284,3024,59,190,2342,46,147,912,18,57,0.0%,0.0%,6.0%,12.0%,12.0%,18.0%,24.0%
Lumine,5,NA,Dendro,N/A,Sword,Medium Male,Viator,Player's Choice,None,None,08/16/23,N/A,Zach Aguilar,Luyin (??),Horie Shun (???),Lee Kyung-tae (???),ATK,Windwheel Aster,Damaged Mask,None,Transoceanic Pearl,Teachings of Equity,Guide to Justice,Guide to Order,Guide to Equity,Guide to Justice,Philosophies of Order,Philosophies of Equity,Philosophies of Justice,Philosophies of Order,Worldspan Fern,10875,212,683,10122,198,635,9638,188,605,8885,174,558,8401,164,527,7648,149,480,7164,140,450,6411,125,405,5766,113,362,5013,98,315,4529,88,284,3024,59,190,2342,46,147,912,18,57,0.0%,0.0%,6.0%,12.0%,12.0%,18.0%,24.0%
Lumine,5,NA,Hydro,Pneuma,Sword,Medium Male,Viator,Player's Choice,None,None,08/16/23,N/A,Zach Aguilar,Luyin (??),Horie Shun (???),Lee Kyung-tae (???),ATK,Windwheel Aster,Damaged Mask,None,Transoceanic Pearl,Teachings of Equity,Guide to Justice,Guide to Order,Guide to Equity,Guide to Justice,Philosophies of Order,Philosophies of Equity,Philosophies of Justice,Philosophies of Order,Worldspan Fern,10875,212,683,10122,198,635,9638,188,605,8885,174,558,8401,164,527,7648,149,480,7164,140,450,6411,125,405,5766,113,362,5013,98,315,4529,88,284,3024,59,190,2342,46,147,912,18,57,0.0%,0.0%,6.0%,12.0%,12.0%,18.0%,24.0%
Lynette,4,Fontaine,Anemo,Ousia,Sword,Medium Female,Felis Alba,2-Feb,A Leisurely Sip,Hotel Bouffes d'ete,08/16/23,FALSE,Anairis Quiï¿½ones,Kekewei (???),Sasahara Yu (???),Lee Myung-hwa (???),Anemo DMG Bonus,Lumidouce Bell,Meshing Gear,Artificed Spare Clockwork Component - Coppelia,Meshing Gear,Teachings of Order,Guide to Order,Guide to Order,Guide to Order,Guide to Order,Philosophies of Order,Philosophies of Order,Philosophies of Order,Philosophies of Order,Everamber,12397,231,711,11538,215,662,10987,205,630,10128,189,581,9576,178,549,8719,162,500,8167,152,468,7308,136,419,6573,122,377,5714,106,328,5162,96,296,3446,64,197,2670,49,153,1039,19,59,0.0%,0.0%,6.0%,12.0%,12.0%,18.0%,24.0%
Lyney,5,Fontaine,Pyro,Pneuma,Bow,Medium Male,Felis Fuscus,2-Feb,Cubic Tricks,Hotel Bouffes d'ete,08/16/23,TRUE,Daman Mills,Jinli (??),Shimono Hiro (???),Park Song-young (???),CRIT Rate,Rainbow Rose,Recruit's Insignia,Emperor's Resolution,Recruit's Insignia,Teachings of Equity,Guide to Equity,Guide to Equity,Guide to Equity,Guide to Equity,Philosophies of Equity,Philosophies of Equity,Philosophies of Equity,Philosophies of Equity,Primordial Greenbloom,11021,318,537,10246,295,500,9723,280,474,8955,258,437,8432,243,411,7672,221,374,7149,206,348,6396,184,312,5699,164,278,4953,142,241,4431,127,216,2961,85,144,2225,64,108,857,24,41,0.0%,0.0%,4.8%,9.6%,9.6%,14.4%,19.2%
Mika,4,Mondstadt,Cryo,N/A,Polearm,Medium Male,Palumbus,11-Aug,Surveyor's Breakfast Sandwich,Knights of Favonius,03/21/23,FALSE,Robb Moreira,Deng Youxi (???),Sanpei Y?ko (?????),Yoon Eun-seo (???),HP,Wolfhook,Recruit's Insignia,Pseudo-Stamens,Recruit's Insignia,Teachings of Ballad,Guide to Ballad,Guide to Ballad,Guide to Ballad,Guide to Ballad,Philosophies of Ballad,Philosophies of Ballad,Philosophies of Ballad,Philosophies of Ballad,Mirror of Mushin,12506,223,713,11640,207,663,11083,197,632,10217,182,582,9660,172,550,8795,156,501,8239,146,469,7373,131,420,6630,118,378,5764,102,328,5208,92,297,3477,62,198,2693,48,153,1048,18,59,0.0%,0.0%,6.0%,12.0%,12.0%,18.0%,24.0%
Mona,5,Mondstadt,Hydro,N/A,Catalyst,Medium Female,Astrolabos,31-Aug,Der Weisheit Letzter Schluss (Life),Mondstadt,09/28/20,FALSE,Felecia Angelle,Tingting Chen (???),Konomi Kohara (????),Woo Jeong-sin (???),Energy Recharge,Philanemo Mushroom,Whopperflower Nectar,Cleansing Heart,Whopperflower Nectar,Teachings of Resistance,Guide to Resistance,Guide to Resistance,Guide to Resistance,Guide to Resistance,Philosophies of Resistance,Philosophies of Resistance,Philosophies of Resistance,Philosophies of Resistance,Ring of Boreas,10409,287,653,9677,267,607,9184,253,576,8458,233,531,7964,220,500,7246,200,455,6752,186,424,6041,167,379,5383,148,338,4678,129,294,4185,115,263,2797,77,176,2102,58,132,810,22,51,0.0%,0.0%,8.0%,16.0%,16.0%,24.0%,32.0%
Nahida,5,Sumeru,Dendro,N/A,Catalyst,Short Female,Sapientia Oromasdis,27-Oct,Halvamazd,Sumeru City,11/02/22,TRUE,Kimberley Anne Campbell,Hualing (??),Tamura Yukari (?????),Park Shi-Yoon (???),Elemental Mastery,Kalpalata Lotus,Fungal Spores,Quelled Creeper,Fungal Spores,Teachings of Ingenuity,Guide to Ingenuity,Guide to Ingenuity,Guide to Ingenuity,Guide to Ingenuity,Philosophies of Ingenuity,Philosophies of Ingenuity,Philosophies of Ingenuity,Philosophies of Ingenuity,Puppet Strings,10360,298,630,9631,277,585,9140,263,556,8417,242,512,7926,228,482,7211,208,438,6720,193,408,6012,173,365,5357,154,325,4656,134,283,4165,120,253,2783,80,169,2092,60,127,806,23,49,0.0,0.0,28.8,57.6,57.6,86.4,115.2
Nilou,5,Sumeru,Hydro,N/A,Sword,Medium Female,Lotos Somno,3-Dec,Swirling Steps,Zubayr Theater,10/14/22,TRUE,Dani Chambers,Zisu Jiuyue (????),Kanemoto Hisako (????),Chae Rim (??),HP,Padisarah,Fungal Spores,Perpetual Caliber,Fungal Spores,Teachings of Praxis,Guide to Praxis,Guide to Praxis,Guide to Praxis,Guide to Praxis,Philosophies of Praxis,Philosophies of Praxis,Philosophies of Praxis,Philosophies of Praxis,Tears of the Calamitous God,15184,229,728,14117,213,677,13397,202,642,12338,186,591,11617,175,557,10570,159,507,9850,148,472,8812,133,422,7852,118,376,6825,103,327,6104,92,292,4079,61,195,3066,46,147,1182,17,56,0.0%,0.0%,7.2%,14.4%,14.4%,21.6%,28.8%
Ningguang,4,Liyue,Geo,N/A,Catalyst,Tall Female,Opus Aequilibrium,26-Aug,Qiankun Mora Meat,Liyue Qixing,09/28/20,FALSE,Erin Ebers,Mingya Du (???),Sayaka Ohara (?????),Gwak Gyu-mi (???),Geo DMG Bonus,Glaze Lily,Recruit's Insignia,Basalt Pillar,Recruit's Insignia,Teachings of Prosperity,Guide to Prosperity,Guide to Prosperity,Guide to Prosperity,Guide to Prosperity,Philosophies of Prosperity,Philosophies of Prosperity,Philosophies of Prosperity,Philosophies of Prosperity,Spirit Locket of Boreas,9787,212,573,9110,198,534,8674,188,508,7996,174,468,7561,164,443,6884,149,403,6448,140,378,5770,125,338,5189,113,304,4512,98,264,4076,88,239,2721,59,159,2108,46,123,821,18,48,0.0%,0.0%,6.0%,12.0%,12.0%,18.0%,24.0%
Noelle,4,Mondstadt,Geo,N/A,Claymore,Medium Female,Parma Cordis,21-Mar,Lighter-Than-Air Pancake,Knights of Favonius,09/28/20,FALSE,Laura Faye Smith,Yanning (??),Kanon Takao (????),Lee Bo-hee (???),DEF,Valberry,Damaged Mask,Basalt Pillar,Damaged Mask,Teachings of Resistance,Guide to Resistance,Guide to Resistance,Guide to Resistance,Guide to Resistance,Philosophies of Resistance,Philosophies of Resistance,Philosophies of Resistance,Philosophies of Resistance,Dvalin's Claw,12071,191,799,11235,178,743,10698,169,708,9862,156,652,9325,148,617,8490,134,562,7953,126,526,7117,113,471,6400,101,423,5564,88,368,5027,80,333,3356,53,222,2600,41,172,1012,16,67,0.0%,0.0%,7.5%,15.0%,15.0%,22.5%,30.0%
Neuvillette,5,Fontaine,Hydro,Pneuma,Catalyst,Tall Male,Leviathan Judicator,18-Dec,"""Consomme Purete""",Court of Fontaine,09/27/23,TRUE,Ray Chase,Sang Yuze (???),Kamiya Hiroshi (????),Kwak Yoon-sang (???),CRIT DMG,Lumitoile,Transoceanic Pearl,Fontemer Unihorn,Transoceanic Pearl,Teachings of Equity,Guide to Equity,Guide to Equity,Guide to Equity,Guide to Equity,Philosophies of Equity,Philosophies of Equity,Philosophies of Equity,Philosophies of Equity,Everamber,14695,208,576,13662,193,535,12965,183,508,11940,169,468,11243,159,441,10229,145,401,9532,135,373,8528,120,334,7599,107,298,6604,93,259,5908,83,231,3948,55,154,2967,42,116,1143,16,44,0.0%,0.0%,9.6%,19.2%,19.2%,28.8%,38.4%
Qiqi,5,Liyue,Cryo,N/A,Sword,Short Female,Pristina Nova,3-Mar,No Tomorrow,Bubu Pharmacy,09/28/20,FALSE,Christie Cate,Yanning (??),Yukari Tamura (?????),Lee Seul (??),Healing Bonus,Violetgrass,Divining Scroll,Hoarfrost Core,Divining Scroll,Teachings of Prosperity,Guide to Prosperity,Guide to Prosperity,Guide to Prosperity,Guide to Prosperity,Philosophies of Prosperity,Philosophies of Prosperity,Philosophies of Prosperity,Philosophies of Prosperity,Tail of Boreas,12368,287,922,11499,267,857,10912,253,814,10050,233,749,9463,220,706,8610,200,642,8023,186,598,7178,167,535,6396,148,477,5559,129,415,4973,115,371,3323,77,248,2498,58,186,963,22,72,0.0%,0.0%,5.5%,11.1%,11.1%,16.6%,22.2%
Raiden Shogun,5,Inazuma,Electro,N/A,Polearm,Tall Female,Imperatrix Umbrosa,26-Jun,None,Inazuma City,09/01/21,TRUE,Anne Yatco,Juhuahua (???),Miyuki Sawashiro (?????),Park Ji-yoon (???),Energy Recharge,Amakumo Fruit,Old Handguard,Storm Beads,Old Handguard,Teachings of Light,Guide to Light,Guide to Light,Guide to Light,Guide to Light,Philosophies of Light,Philosophies of Light,Philosophies of Light,Philosophies of Light,Molten Moment,12907,337,789,12000,314,737,11388,298,696,10487,274,641,9875,258,604,8985,235,549,8373,219,512,7491,196,458,6675,175,408,5801,152,355,5189,136,317,3468,91,212,2606,68,159,1005,26,61,0.0%,0.0%,8.0%,16.0%,16.0%,24.0%,32.0%
Razor,4,Mondstadt,Electro,N/A,Claymore,Medium Male,Lupus Minor,9-Sep,Puppy-Paw Hash Brown,Wolvendom,09/28/20,FALSE,Todd Haberkorn,Shuai Zhou (??),K?ki Uchiyama (????),Kim Seo-yeong (???),Physical DMG Bonus,Wolfhook,Damaged Mask,Lightning Prism,Damaged Mask,Teachings of Resistance,Guide to Resistance,Guide to Resistance,Guide to Resistance,Guide to Resistance,Philosophies of Resistance,Philosophies of Resistance,Philosophies of Resistance,Philosophies of Resistance,Dvalin's Claw,11962,234,751,11134,217,699,10602,207,665,9773,191,613,9241,180,580,8413,164,528,7881,154,495,7052,138,443,6343,124,398,5514,108,346,4982,97,313,3326,65,209,2577,50,162,1003,20,63,0.0%,0.0%,7.5%,15.0%,15.0%,22.5%,30.0%
Rosaria,4,Mondstadt,Cryo,N/A,Polearm,Tall Female,Spinea Corona,24-Jan,Dinner of Judgement,Church of Favonius,04/06/21,FALSE,Elizabeth Maxwell,Anqi Zhang (???),Ai Kakuma (????),Kim Bo-na (???),ATK,Valberry,Recruit's Insignia,Hoarfrost Core,Recruit's Insignia,Teachings of Ballad,Guide to Ballad,Guide to Ballad,Guide to Ballad,Guide to Ballad,Philosophies of Ballad,Philosophies of Ballad,Philosophies of Ballad,Philosophies of Ballad,Shadow of the Warrior,12289,240,710,11438,223,661,10891,213,629,10040,196,580,9493,185,548,8643,169,499,8096,158,468,7245,141,418,6516,127,376,5665,111,327,5118,100,296,3417,67,197,2647,52,153,1030,20,60,0.0%,0.0%,6.0%,12.0%,12.0%,18.0%,24.0%
Sangonomiya Kokomi,5,Inazuma,Hydro,N/A,Catalyst,Medium Female,Dracanea Somnolenta,22-Feb,A Stunning Stratagem,Watatsumi Island,09/21/21,TRUE,Risa Mei,Guiniang (??),Suzuko Mimori (?????),Yeo Yun-mi (???),Hydro DMG Bonus,Sango Pearl,Spectral Husk,Dew of Repudation,Spectral Husk,Teachings of Transience,Guide to Transience,Guide to Transience,Guide to Transience,Guide to Transience,Philosophies of Transience,Philosophies of Transience,Philosophies of Transience,Philosophies of Transience,Hellfire Butterfly,13471,234,657,12524,218,611,11885,207,580,10945,190,534,10306,179,503,9377,163,457,8738,152,426,7818,136,381,6966,121,340,6055,105,295,5416,94,264,3619,63,177,2720,47,133,1049,18,51,0.0%,0.0%,7.2%,14.4%,14.4%,21.6%,28.8%
Sayu,4,Inazuma,Anemo,N/A,Claymore,Short Female,Nyctereutes Minor,19-Oct,Dizziness-Be-Gone no Justu Version 2.0,Shuumatsuban,08/10/21,FALSE,Lilypichu (Lily Ki),Sakula??,Aya Suzaki (???),Lee Ji-hyeon (???),Elemental Mastery,Crystal Marrow,Whopperflower Nectar,Marionette Core,Whopperflower Nectar,Teachings of Light,Guide to Light,Guide to Light,Guide to Light,Guide to Light,Philosophies of Light,Philosophies of Light,Philosophies of Light,Philosophies of Light,Gilded Scale,11854,244,745,11033,227,693,10505,216,660,9684,200,608,9157,189,575,8337,172,524,7809,161,491,6988,144,439,6285,130,395,5464,113,343,4937,102,310,3296,68,207,2553,53,160,994,20,62,0.0,0.0,24.0,48.0,48.0,72.0,96.0
Shenhe,5,Liyue,Cryo,N/A,Polearm,Tall Female,Crista Doloris,10-Mar,Heartstring Noodles,Cloud Retainer's Abode,01/05/22,TRUE,Chelsea Kwoka,Ziyi Qin(???),Ayako Kawasumi (????),Lee Hyun-jin (???),ATK,Qingxin,Whopperflower Nectar,Dragonheir's False Fin,Whopperflower Nectar,Teachings of Prosperity,Guide to Prosperity,Guide to Prosperity,Guide to Prosperity,Guide to Prosperity,Philosophies of Prosperity,Philosophies of Prosperity,Philosophies of Prosperity,Philosophies of Prosperity,Hellfire Butterfly,12993,304,830,21080,282,772,11463,268,732,10557,274,674,9941,232,635,9045,211,578,8429,197,538,7540,176,482,6719,157,429,5840,137,373,5224,122,334,3491,82,223,2624,61,168,1011,24,65,0.0%,0.0%,7.2%,14.4%,14.4%,21.6%,28.8%
Shikanoin Heizou,4,Inazuma,Anemo,N/A,Catalyst,Medium Male,Cervus Minor,24-Jul,The Only Truth,Tenryou Commission,07/13/22,FALSE,Kieran Regan,Lin Jing (??),Iguchi Yuuichi (????),Jeong-Ui-jin (???),Anemo DMG Bonus,Onikabuto,Treasure Hoarder Insignia,Runic Fang,Treasure Hoarder Insignia,Teachings of Transience,Guide to Transience,Guide to Transience,Guide to Transience,Guide to Transience,Philosophies of Transience,Philosophies of Transience,Philosophies of Transience,Philosophies of Transience,The Meaning of Aeons,10657,225,683,9919,209,636,9445,199,606,8706,183,558,8232,173,528,7495,158,480,7021,148,450,6283,132,403,5650,119,362,4912,103,315,4438,93,284,2963,62,190,2295,48,147,893,18,57,0.0%,0.0%,6.0%,12.0%,12.0%,18.0%,24.0%
Sucrose,4,Mondstadt,Anemo,N/A,Catalyst,Medium Female,Ampulla,26-Sep,Nutritious Meal (V.593),Knights of Favonius,09/28/20,FALSE,Valeria Rodriguez,Xiaogan (??),Akane Fujita (???),Kim Ha-yeong (???),Anemo DMG Bonus,Windwheel Aster,Whopperflower Nectar,Hurricane Seed,Whopperflower Nectar,Teachings of Freedom,Guide to Freedom,Guide to Freedom,Guide to Freedom,Guide to Freedom,Philosophies of Freedom,Philosophies of Freedom,Philosophies of Freedom,Philosophies of Freedom,Spirit Locket of Boreas,9243,170,703,8603,158,654,8192,151,623,7552,139,574,7141,131,543,6501,120,494,6090,112,463,5450,100,414,4901,90,373,4261,78,324,3850,71,293,2570,47,195,1991,37,151,775,14,59,0.0%,0.0%,6.0%,12.0%,12.0%,18.0%,24.0%
Tartaglia,5,Snezhnaya,Hydro,N/A,Bow,Tall Male,Monoceros Caeli,20-Jul,A Prize Catch,Fatui,11/11/20,TRUE,Griffin Burns,Yudong (??),Ryohei Kimura (????),Nam Doh-hyeong (???),Hydro DMG Bonus,Starconch,Recruit's Insignia,Cleansing Heart,Recruit's Insignia,Teachings of Freedom,Guide to Freedom,Guide to Freedom,Guide to Freedom,Guide to Freedom,Philosophies of Freedom,Philosophies of Freedom,Philosophies of Freedom,Philosophies of Freedom,Shard of a Foul Legacy,13103,301,815,12182,280,757,11561,266,719,10647,245,662,10025,231,623,9121,210,567,8500,195,528,7604,175,473,6776,156,421,5889,135,366,5268,121,328,3521,81,219,2646,61,165,1020,23,63,0.0%,0.0%,7.2%,14.4%,14.4%,21.6%,28.8%
Thoma,4,Inazuma,Pyro,N/A,Polearm,Tall Male,Rubeum Scutum,9-Jan,"""Warmth""",Yashiro Commission,10/02/21,FALSE,Christian Banas,Pei Zhang (??),Masakazu Morita (????),Ryu Seung-gon (???),ATK,Fluorescent Fungus,Treasure Hoarder Insignia,Smoldering Pearl,Treasure Hoarder Insignia,Teachings of Transience,Guide to Transience,Guide to Transience,Guide to Transience,Guide to Transience,Philosophies of Transience,Philosophies of Transience,Philosophies of Transience,Philosophies of Transience,Hellfire Butterfly,10331,202,751,9616,188,699,9156,179,665,8440,165,613,7981,156,580,7266,142,528,6806,133,495,6091,119,443,5478,107,398,4762,93,346,4302,84,313,2872,56,209,2225,43,162,866,17,63,0.0%,0.0%,6.0%,12.0%,12.0%,18.0%,24.0%
Tighnari,5,Sumeru,Dendro,N/A,Bow,Medium Male,Vulpes Zerda,29-Dec,Forest Watcher's Choice,Gandharva Ville,08/24/22,FALSE,Zachary Gordon,Moran (??),Kobayashi Sanae (?? ??),Jung Ui-taek (???),Dendro DMG Bonus,Nilotpala Lotus,Fungal Spores,Majestic Hooked Beak,Fungal Spores,Teachings of Admonition,Guide to Admonition,Guide to Admonition,Guide to Admonition,Guide to Admonition,Philosophies of Admonition,Philosophies of Admonition,Philosophies of Admonition,Philosophies of Admonition,The Meaning of Aeons,10849,267,630,10087,249,585,9572,236,556,8815,217,512,8301,204,482,7552,186,438,7038,173,408,6296,155,365,5610,138,325,4876,120,283,4362,107,253,2915,71,169,2191,54,127,844,20,49,0.0%,0.0%,7.2%,14.4%,14.4%,21.6%,28.8%
Venti,5,Mondstadt,Anemo,N/A,Bow,Medium Male,Carmen Dei,16-Jun,A Buoyant Breeze,Mondstadt,09/28/20,TRUE,Erika Harlacher,Miaojiang (??),Ayumu Murase (???),Jung Yoo-jung (???),Energy Recharge,Cecilia,Slime Condensate,Hurricane Seed,Slime Condensate,Teachings of Ballad,Guide to Ballad,Guide to Ballad,Guide to Ballad,Guide to Ballad,Philosophies of Ballad,Philosophies of Ballad,Philosophies of Ballad,Philosophies of Ballad,Tail of Boreas,10531,263,669,9790,245,622,9292,232,590,8557,214,543,8058,201,512,7331,183,465,6832,171,434,6112,153,388,5446,136,346,4734,118,301,4234,106,269,2830,71,180,2127,53,135,820,20,52,0.0%,0.0%,8.0%,16.0%,16.0%,24.0%,32.0%
Wanderer,5,Sumeru,Anemo,N/A,Catalyst,Medium Male,Peregrinus,3-Jan,Shimi Chazuke,None,12/07/22,TRUE,Patrick Pedraza,Luyin (??),Kakihara Tetsuya (?? ??),Min Seung-woo (???),CRIT Rate,Rukkhashava Mushrooms,Old Handguard,Perpetual Caliber,Old Handguard,Teachings of Praxis,Guide to Praxis,Guide to Praxis,Guide to Praxis,Guide to Praxis,Philosophies of Praxis,Philosophies of Praxis,Philosophies of Praxis,Philosophies of Praxis,Daka's Bell,10164,327,607,9449,304,564,8967,289,535,8258,266,493,7776,250,464,7075,228,422,6593,212,393,5898,190,352,5256,169,313,4568,147,272,4086,131,244,2730,88,163,2052,66,122,791,25,47,0.0%,0.0%,4.8%,9.6%,9.6%,14.4%,19.2%
Wriothesley,5,Fontaine,Cryo,Ousia,Catalyst,Tall Male,Cerberus,23-Nov,Special Sauce BBQ Ribs,Fortress of Meropide,10/17/23,TRUE,Joe Zieja,Liu Beichen (???),Ono Daisuke (????),Kwon Chang-wook (???),CRIT DMG,Subdetection Unit,Meshing Gear,"""Tourbillon Device""",Meshing Gear,Teachings of Order,Guide to Order,Guide to Order,Guide to Order,Guide to Order,Philosophies of Order,Philosophies of Order,Philosophies of Order,Philosophies of Order,Primordial Greenbloom,13592,310,763,12637,289,709,11992,274,673,11044,252,620,10399,237,583,9462,216,531,8817,201,495,7888,180,442,7029,160,394,6109,139,343,5464,125,306,3652,83,205,2744,62,154,1058,24,59,0.0%,0.0%,9.6%,19.2%,19.2%,28.8%,38.4%
Xiangling,4,Liyue,Pyro,N/A,Polearm,Medium Female,Trulla,2-Nov,Wanmin Restaurant's Boiled Fish,Wanmin Restaurant,09/28/20,FALSE,Jackie Lastra,Xiao N (?N),Ari Ozawa (????),Yun A-yeong (???),Elemental Mastery,Jueyun Chili,Slime Condensate,Everflame Seed,Slime Condensate,Teachings of Diligence,Guide to Diligence,Guide to Diligence,Guide to Diligence,Guide to Diligence,Philosophies of Diligence,Philosophies of Diligence,Philosophies of Diligence,Philosophies of Diligence,Dvalin's Claw,10875,225,669,10122,210,623,9638,200,593,8885,184,546,8401,174,517,7648,158,470,7164,148,441,6411,133,394,5766,119,355,5013,104,308,4529,94,279,3024,63,186,2342,48,144,912,19,56,0.0,0.0,24.0,48.0,48.0,72.0,96.0
Xiao,5,Liyue,Anemo,N/A,Polearm,Medium Male,Alatus Nemeseos,17-Apr,"""Sweet Dream""",Liyue Adeptus,02/03/21,TRUE,Laila Berzins,kinsen,Yoshitsugu Matsuoka (????),Sim Kyu-hyuk (???),CRIT Rate,Qingxin,Slime Condensate,Juvenile Jade,Slime Condensate,Teachings of Prosperity,Guide to Prosperity,Guide to Prosperity,Guide to Prosperity,Guide to Prosperity,Philosophies of Prosperity,Philosophies of Prosperity,Philosophies of Prosperity,Philosophies of Prosperity,Shadow of the Warrior,12736,349,799,11840,325,743,11236,308,705,10348,284,649,9744,267,612,8866,243,556,8262,227,519,7391,203,464,6586,181,413,5724,157,359,5120,141,321,3422,94,215,2572,71,161,991,27,62,0.0%,0.0%,4.8%,9.6%,9.6%,14.4%,19.2%
Xingqiu,4,Liyue,Hydro,N/A,Sword,Medium Male,Fabulae Textile,9-Oct,All-Delicacy Parcels,Feiyun Commerce Guild,09/28/20,FALSE,Cristina Vee Valenzuela,Yajing Tang (???),Junko Minagawa (????),Gwak Gyu-mi (???),ATK,Silk Flower,Damaged Mask,Cleansing Heart,Damaged Mask,Teachings of Gold,Guide to Gold,Guide to Gold,Guide to Gold,Guide to Gold,Philosophies of Gold,Philosophies of Gold,Philosophies of Gold,Philosophies of Gold,Tail of Boreas,10223,202,758,9515,188,705,9060,179,671,8352,165,619,7897,156,585,7190,142,533,6735,133,499,6027,119,447,5420,107,402,4712,93,349,4257,84,316,2842,56,211,2202,43,163,857,17,64,0.0%,0.0%,6.0%,12.0%,12.0%,18.0%,24.0%
Xinyan,4,Liyue,Pyro,N/A,Claymore,Medium Female,Fila Ignium,16-Oct,Rockin' Riffin' Chicken!,"""The Red Strings""",12/01/20,FALSE,Laura Stahl,Yaxin Wang (???),Chiaki Takahashi (??????),Kim Chae-ha (???),ATK,Violetgrass,Treasure Hoarder Insignia,Everflame Seed,Treasure Hoarder Insignia,Teachings of Gold,Guide to Gold,Guide to Gold,Guide to Gold,Guide to Gold,Philosophies of Gold,Philosophies of Gold,Philosophies of Gold,Philosophies of Gold,Tusk of Monoceros Caeli,11201,249,799,10425,231,743,9927,220,708,9151,203,652,8653,192,617,7878,175,562,7379,164,526,6604,147,471,5939,132,423,5163,115,368,4665,103,333,3114,69,222,2413,54,172,939,21,67,0.0%,0.0%,6.0%,12.0%,12.0%,18.0%,24.0%
Yae Miko,5,Inazuma,Electro,N/A,Catalyst,Tall Female,Divina Vulpes,27-Jun,Fukuuchi Udon,Grand Narukami Shrine,02/16/22,TRUE,Ratana,Mingya Du (???),Ayane Sakura (????),Moon Yoo-jeong (???),CRIT Rate,Sea Ganoderma,Old Handguard,Dragonheir's False Fin,Old Handguard,Teachings of Light,Guide to Light,Guide to Light,Guide to Light,Guide to Light,Philosophies of Light,Philosophies of Light,Philosophies of Light,Philosophies of Light,The Meaning of Aeons,10372,340,569,9643,316,529,9151,300,502,8428,276,462,7936,260,435,7220,236,396,6729,220,369,6020,197,330,5364,176,294,4662,153,256,4170,137,229,2787,91,153,2065,69,115,807,26,44,0.0%,0.0%,4.8%,9.6%,9.6%,14.4%,19.2%
Yanfei,4,Liyue,Pyro,N/A,Catalyst,Medium Female,Bestia Iustitia,28-Jul,"""My Way""",Yanfei Legal Consultancy,04/28/21,FALSE,Lizzie Freeman,Ziwu Su (???),Yumiri Hanamori (?? ???),Cho Kyung-yi (???),Pyro DMG Bonus,Noctilucous Jade,Treasure Hoarder Insignia,Juvenile Jade,Treasure Hoarder Insignia,Teachings of Gold,Guide to Gold,Guide to Gold,Guide to Gold,Guide to Gold,Philosophies of Gold,Philosophies of Gold,Philosophies of Gold,Philosophies of Gold,Bloodjade Branch,9352,240,587,8705,223,546,8289,213,520,7641,196,480,7225,185,453,6578,169,413,6161,158,387,5514,141,346,4959,127,311,4311,111,271,3895,100,244,2600,67,163,2014,52,126,784,20,49,0.0%,0.0%,6.0%,12.0%,12.0%,18.0%,24.0%
Yaoyao,4,Liyue,Dendro,N/A,Polearm,Short Female,Osmanthus,6-Mar,Qingce Household Dish,Streetward Rambler's Abode,01/18/23,FALSE,Kelsey Jaffer,Liu Yinuo (???),Kadowaki Mai (????),Yu Hye-ji (???),HP,Jueyun Chili,Slime Condensate,Quelled Creeper,Slime Condensate,Teachings of Diligence,Guide to Diligence,Guide to Diligence,Guide to Diligence,Guide to Diligence,Philosophies of Diligence,Philosophies of Diligence,Philosophies of Diligence,Philosophies of Diligence,Daka's Bell,12288,212,750,11437,197,698,10890,188,665,10039,173,613,9492,164,579,8642,149,528,8095,139,494,7244,125,442,6515,112,398,5664,97,346,5117,88,312,3416,59,208,2646,45,161,1030,17,62,0.0%,0.0%,6.0%,12.0%,12.0%,18.0%,24.0%
Yelan,5,Liyue,Hydro,N/A,Bow,Tall Female,Umbrabilis Orchis,20-Apr,Dew-Dipped Shrimp,Yanshang Teahouse,05/31/22,TRUE,Laura Post,Xu Hui (??),Endou Aya (?? ?),Min-a (??),CRIT Rate,Starconch,Recruit's Insignia,Runic Fang,Recruit's Insignia,Teachings of Prosperity,Guide to Prosperity,Guide to Prosperity,Guide to Prosperity,Guide to Prosperity,Philosophies of Prosperity,Philosophies of Prosperity,Philosophies of Prosperity,Philosophies of Prosperity,Gilded Scale,14450,244,548,13434,227,509,12749,215,483,11741,198,445,11056,187,419,10059,170,381,9374,158,355,8386,142,318,7472,126,283,6495,110,246,5810,98,220,3883,66,147,2918,49,111,1125,19,43,0.0%,0.0%,4.8%,9.6%,9.6%,14.4%,19.2%
Yoimiya,5,Inazuma,Pyro,N/A,Bow,Medium Female,Carassius Auratus,21-Jun,Summer Festival Fish,Naganohara Fireworks,08/10/21,TRUE,Jenny Yokobori,Na Jin (??),Kana Ueda (????),Bak Sin-hee (???),CRIT Rate,Naku Weed,Divining Scroll,Smoldering Pearl,Divining Scroll,Teachings of Transience,Guide to Transience,Guide to Transience,Guide to Transience,Guide to Transience,Philosophies of Transience,Philosophies of Transience,Philosophies of Transience,Philosophies of Transience,Dragon Lord's Crown,10164,323,615,9450,300,572,8968,285,542,8259,262,500,7777,247,470,7075,225,428,6593,209,399,6899,187,357,5256,167,318,4568,145,276,4086,130,318,2731,87,165,2053,65,124,791,25,48,0.0%,0.0%,4.8%,9.6%,9.6%,14.4%,19.2%
Yunjin,4,Liyue,Geo,N/A,Polearm,Medium Female,Opera Grandis,21-May,Cloud-Shrouded Jade,Yun-Han Opera House,01/05/22,FALSE,"Judy Alice Lee, Yang Yang (??)","Wenxiao He (???), Yang Yang (??)","Koiwai Kotori (??????), Yang Yang (??)","Sa Mun-yeong (???), Yang Yang (??)",Energy Recharge,Glaze Lily,Damaged Mask,Riftborn Regalia,Damaged Mask,Teachings of Diligence,Guide to Diligence,Guide to Diligence,Guide to Diligence,Guide to Diligence,Philosophies of Diligence,Philosophies of Diligence,Philosophies of Diligence,Philosophies of Diligence,Ashen Heart,10657,191,734,9919,178,684,9445,169,651,8707,156,600,8233,148,567,7495,134,517,7021,126,484,6283,113,433,5651,101,389,4913,88,339,4438,80,306,2963,53,204,2296,41,156,894,16,62,0.0%,0.0%,6.7%,13.3%,13.3%,20.0%,26.7%
Zhongli,5,Liyue,Geo,N/A,Polearm,Tall Male,Lapis Dei,31-Dec,Slow-Cooked Bamboo Shoot Soup,Liyue Harbor,12/01/20,TRUE,Keith Silverstein,Bo Peng (??),Tomoaki Maeno (????),Pyo Yeong-jae (???),Geo DMG Bonus,Cor Lapis,Slime Condensate,Basalt Pillar,Slime Condensate,Teachings of Gold,Guide to Gold,Guide to Gold,Guide to Gold,Guide to Gold,Philosophies of Gold,Philosophies of Gold,Philosophies of Gold,Philosophies of Gold,Tusk of Monoceros Caeli,14695,251,738,13662,233,686,12965,222,651,11940,204,599,11243,192,564,10230,175,514,9533,163,479,8528,146,428,7599,130,382,6605,113,332,5908,101,297,3948,67,198,2967,51,149,1144,20,57,0.0%,0.0%,7.2%,14.4%,14.4%,21.6%,28.8%